millis,frequency,resistance,reactance,magnitude
51186,,10090,-8861,13428.52951692,,10090,-8861,13428.52952199,,9751,-8705,13071.30652704,,9751,-8705,13071.30653212,,9761,-8838,13167.66353719,,9761,-8838,13167.66354226,,6067,-6011,8540.52754729,,6227,-6093,8712.0755236,,6227,-6093,8712.07